{
	"IcoMoonType": "selection",
	"icons": [
		{
			"icon": {
				"paths": [
					"M256 810.667c0 47.147 38.187 85.333 85.333 85.333h341.333c47.147 0 85.333-38.187 85.333-85.333v-512h-512v512zM810.667 170.667h-149.333l-42.667-42.667h-213.333l-42.667 42.667h-149.333v85.333h597.333v-85.333z"
				],
				"attrs": [
					{
						"fill": "rgb(68, 68, 68)"
					}
				],
				"isMulticolor": false,
				"tags": [
					"delete"
				],
				"grid": 24,
				"colorPermutations": {
					"6868681": [
						0
					]
				}
			},
			"attrs": [
				{
					"fill": "rgb(68, 68, 68)"
				}
			],
			"properties": {
				"order": 27,
				"id": 11,
				"prevSize": 24,
				"code": 58889,
				"name": "RemoveCroppedImage"
			},
			"setIdx": 0,
			"iconIdx": 0
		},
		{
			"icon": {
				"paths": [
					"M303.36 385.066l-60.373-60.373c-38.4 49.493-62.080 106.667-69.333 165.973h86.187c6.187-37.333 20.693-73.387 43.52-105.6zM259.84 576h-86.187c7.253 59.307 30.933 116.48 69.333 165.973l60.373-60.373c-22.827-32.213-37.333-68.267-43.52-105.6zM302.933 802.773c49.493 38.613 107.093 61.44 166.4 68.693v-86.187c-37.333-6.187-73.173-20.907-105.173-43.733l-61.227 61.227zM554.667 194.986v-130.987l-194.133 194.133 194.133 189.867v-166.827c120.96 20.267 213.333 125.44 213.333 252.16s-92.373 231.893-213.333 252.16v86.187c168.32-21.12 298.667-164.267 298.667-338.347s-130.347-317.227-298.667-338.347z"
				],
				"attrs": [
					{
						"fill": "rgb(68, 68, 68)"
					}
				],
				"isMulticolor": false,
				"tags": [
					"rotate-left"
				],
				"grid": 24,
				"colorPermutations": {
					"6868681": [
						0
					]
				}
			},
			"attrs": [
				{
					"fill": "rgb(68, 68, 68)"
				}
			],
			"properties": {
				"order": 25,
				"id": 10,
				"prevSize": 24,
				"code": 58881,
				"name": "RotateLeft"
			},
			"setIdx": 0,
			"iconIdx": 1
		},
		{
			"icon": {
				"paths": [
					"M663.467 258.133l-194.133-194.133v130.987c-168.32 20.907-298.667 164.267-298.667 338.347s130.347 317.44 298.667 338.347v-86.187c-120.96-20.267-213.333-125.44-213.333-252.16s92.373-231.893 213.333-252.16v166.827l194.133-189.867zM850.347 490.666c-7.253-59.307-30.933-116.48-69.333-165.973l-60.373 60.373c22.827 32.213 37.333 68.267 43.52 105.6h86.187zM554.667 785.28v86.4c59.307-7.253 116.907-30.293 166.4-68.693l-61.227-61.227c-32 22.613-67.84 37.12-105.173 43.52zM720.64 681.6l60.373 60.373c38.4-49.493 62.080-106.667 69.333-165.973h-86.187c-6.187 37.333-20.693 73.387-43.52 105.6z"
				],
				"attrs": [
					{
						"fill": "rgb(68, 68, 68)"
					}
				],
				"isMulticolor": false,
				"tags": [
					"rotate-right"
				],
				"grid": 24,
				"colorPermutations": {
					"6868681": [
						0
					]
				}
			},
			"attrs": [
				{
					"fill": "rgb(68, 68, 68)"
				}
			],
			"properties": {
				"order": 24,
				"id": 9,
				"prevSize": 24,
				"code": 58882,
				"name": "RotateRight"
			},
			"setIdx": 0,
			"iconIdx": 2
		},
		{
			"icon": {
				"paths": [
					"M810.667 273.707l-60.373-60.373-238.293 238.293-238.293-238.293-60.373 60.373 238.293 238.293-238.293 238.293 60.373 60.373 238.293-238.293 238.293 238.293 60.373-60.373-238.293-238.293z"
				],
				"attrs": [
					{
						"fill": "rgb(68, 68, 68)"
					}
				],
				"isMulticolor": false,
				"tags": [
					"clear"
				],
				"grid": 24,
				"colorPermutations": {
					"6868681": [
						0
					]
				}
			},
			"attrs": [
				{
					"fill": "rgb(68, 68, 68)"
				}
			],
			"properties": {
				"order": 13,
				"id": 8,
				"prevSize": 24,
				"code": 58880,
				"name": "Reset"
			},
			"setIdx": 0,
			"iconIdx": 3
		},
		{
			"icon": {
				"paths": [
					"M384 682.667h256v-256h170.667l-298.667-298.667-298.667 298.667h170.667zM213.333 768h597.333v85.333h-597.333z"
				],
				"attrs": [
					{
						"fill": "rgb(68, 68, 68)"
					}
				],
				"isMulticolor": false,
				"tags": [
					"file-upload"
				],
				"grid": 24,
				"colorPermutations": {
					"6868681": [
						0
					]
				}
			},
			"attrs": [
				{
					"fill": "rgb(68, 68, 68)"
				}
			],
			"properties": {
				"order": 16,
				"id": 5,
				"prevSize": 24,
				"code": 58883,
				"name": "Upload"
			},
			"setIdx": 0,
			"iconIdx": 6
		},
		{
			"icon": {
				"paths": [
					"M298.667 469.333v85.333h426.667v-85.333h-426.667zM512 85.333c-235.733 0-426.667 190.933-426.667 426.667s190.933 426.667 426.667 426.667 426.667-190.933 426.667-426.667-190.933-426.667-426.667-426.667zM512 853.333c-188.16 0-341.333-153.173-341.333-341.333s153.173-341.333 341.333-341.333 341.333 153.173 341.333 341.333-153.173 341.333-341.333 341.333z"
				],
				"attrs": [
					{
						"fill": "rgb(68, 68, 68)"
					}
				],
				"isMulticolor": false,
				"tags": [
					"remove-circle-outline"
				],
				"grid": 24,
				"colorPermutations": {
					"6868681": [
						0
					]
				}
			},
			"attrs": [
				{
					"fill": "rgb(68, 68, 68)"
				}
			],
			"properties": {
				"order": 17,
				"id": 4,
				"prevSize": 24,
				"code": 58884,
				"name": "ZoomMuchOut"
			},
			"setIdx": 0,
			"iconIdx": 7
		},
		{
			"icon": {
				"paths": [
					"M786.297 551.185h-548.592v-78.37h548.592v78.37z"
				],
				"attrs": [
					{
						"fill": "rgb(68, 68, 68)"
					}
				],
				"isMulticolor": false,
				"tags": [
					"remove"
				],
				"grid": 24,
				"colorPermutations": {
					"6868681": [
						0
					]
				},
				"width": 1024
			},
			"attrs": [
				{
					"fill": "rgb(68, 68, 68)"
				}
			],
			"properties": {
				"order": 18,
				"id": 3,
				"prevSize": 24,
				"code": 58885,
				"name": "ZoomOut"
			},
			"setIdx": 0,
			"iconIdx": 8
		},
		{
			"icon": {
				"paths": [
					"M554.667 298.667h-85.333v170.667h-170.667v85.333h170.667v170.667h85.333v-170.667h170.667v-85.333h-170.667v-170.667zM512 85.333c-235.733 0-426.667 190.933-426.667 426.667s190.933 426.667 426.667 426.667 426.667-190.933 426.667-426.667-190.933-426.667-426.667-426.667zM512 853.333c-188.16 0-341.333-153.173-341.333-341.333s153.173-341.333 341.333-341.333 341.333 153.173 341.333 341.333-153.173 341.333-341.333 341.333z"
				],
				"attrs": [
					{
						"fill": "rgb(68, 68, 68)"
					}
				],
				"isMulticolor": false,
				"tags": [
					"add-circle-outline"
				],
				"grid": 24,
				"colorPermutations": {
					"6868681": [
						0
					]
				}
			},
			"attrs": [
				{
					"fill": "rgb(68, 68, 68)"
				}
			],
			"properties": {
				"order": 19,
				"id": 2,
				"prevSize": 24,
				"code": 58886,
				"name": "ZoomMuchIn"
			},
			"setIdx": 0,
			"iconIdx": 9
		},
		{
			"icon": {
				"paths": [
					"M810.667 554.667h-256v256h-85.333v-256h-256v-85.333h256v-256h85.333v256h256v85.333z"
				],
				"attrs": [
					{
						"fill": "rgb(68, 68, 68)"
					}
				],
				"isMulticolor": false,
				"tags": [
					"add"
				],
				"grid": 24,
				"colorPermutations": {
					"6868681": [
						0
					]
				}
			},
			"attrs": [
				{
					"fill": "rgb(68, 68, 68)"
				}
			],
			"properties": {
				"order": 20,
				"id": 1,
				"prevSize": 24,
				"code": 58887,
				"name": "ZoomIn"
			},
			"setIdx": 0,
			"iconIdx": 10
		},
		{
			"icon": {
				"paths": [
					"M707.925 629.556h78.37v-313.481c0-43.3-35.071-78.37-78.37-78.37h-313.481v78.37h313.481v313.481zM316.074 707.925v-626.964h-78.37v156.741h-156.741v78.37h156.741v391.852c0 43.3 35.071 78.37 78.37 78.37h391.852v156.741h78.37v-156.741h156.741v-78.37h-626.964z"
				],
				"attrs": [
					{
						"fill": "rgb(68, 68, 68)"
					}
				],
				"isMulticolor": false,
				"tags": [
					"crop"
				],
				"grid": 24,
				"colorPermutations": {
					"6868681": [
						0
					]
				}
			},
			"attrs": [
				{
					"fill": "rgb(68, 68, 68)"
				}
			],
			"properties": {
				"order": 21,
				"id": 0,
				"prevSize": 24,
				"code": 58888,
				"name": "Crop"
			},
			"setIdx": 0,
			"iconIdx": 11
		}
	],
	"height": 1024,
	"metadata": {
		"name": "croppic"
	},
	"preferences": {
		"showGlyphs": true,
		"showQuickUse": true,
		"showQuickUse2": true,
		"showSVGs": true,
		"fontPref": {
			"prefix": "cropControl",
			"metadata": {
				"fontFamily": "croppic",
				"majorVersion": 1,
				"minorVersion": 0
			},
			"metrics": {
				"emSize": 1024,
				"baseline": 6.25,
				"whitespace": 50
			},
			"ie7": false,
			"showSelector": true,
			"selector": "",
			"showMetadata": false
		},
		"imagePref": {
			"prefix": "icon-",
			"png": true,
			"useClassSelector": true,
			"color": 4473924,
			"bgColor": 16777215
		},
		"historySize": 100,
		"showCodes": true,
		"gridSize": 16
	}
}